total_personal_income,age
19241.548387096773,58.45161290322581
53137.64705882353,57.1764705882353
